;;Issue;Datatype;Type;Group;Path;Name/Label;Description;Data Range;Unit
;;;N/A;Branch;Chassis;Trailer.Chassis.Axle.PosX;Axle Position;This parameter indicates the identification number  x of an axle. The identification number X starts with one from the front of the respective towed vehicle;axle position X = [1 to 15]; 
;;;N/A;Branch;Chassis;Trailer.Chassis.Axle.PosX.Wheel.PosY;Wheel Position ;This parameter indicates the identification number  Y of the tyre or wheel on axle X. The identification number Y starts with one from the left side of the respective towed vehicle;"axle position X
wheel position Y = [1 to 15]"; 
;;;string;Attribute;Specification;Trailer.Specification.VIN;VIN;vehicle identification number as specified in ISO 3779 (encoded as a string); ; 
;;;float;Sensor;Chassis;Trailer.Chassis.Brake.ParkingBrake.Pressure;Park brake demand relative pressure;This parameter requests the brake pressure for the parking brake as a percentage of the maximum pressure.;0 - 100 ;Percentage
;;;float;Sensor;Chassis;Trailer.Chassis.Brake.ServiceBrake1.Pressure;Service brake demand pressure;This parameter requests the brake pressure value of the service brake.;0 - 1 255 ;KiloPascal
;;;float;Sensor;Chassis;Trailer.Chassis.Brake.ServiceBrake2.Pressure;Service brake demand pressure;This parameter requests the brake pressure value of the service brake.;0 - 1 255 ;KiloPascal
;;;enum;Sensor;Powertrain;Trailer.Chassis.Brake.ServiceBrake.Status;Vehicle service brake status;This parameter indicates the current status of the vehicle's service brake by observing the brake pressure.;"PASSIVE
ACTIVE
ERROR
NOT_AVAILABLE"; 
;;;float;Sensor;Chassis;Trailer.Chassis.Axle.PosX.Speed;Braking system wheel-based vehicle speed;This parameter indicates the absolute value of the actual speed of the vehicle (for example, positive values for forward and backward speeds) calculated as the average of the wheel speeds of one axle influenced by slip and filtered by a frequency range of 5 Hz to 20 Hz.;0  - 250 ;KilometerPerHour
;;;enum;Attribute;Powertrain;Trailer.Chassis.Retarder.Status;Vehicle retarder control status;This parameter indicates the current status in all cases the retarder functionality is applied by the driver's demand or by other systems (e.g. brakes).;"PASSIVE
ACTIVE
ERROR
NOT_AVAILABLE"; 
;;;float;Sensor;Chassis;Trailer.Chassis.Retarder.Torque;Retarder demand relative torque;This parameter requests the torque of the retarder as a percentage of the retarder wheel torque reference.;−125 / +125 ;Percentage
;;;int32;Sensor;Chassis;Trailer.Chassis.Axle.LoadSum;Axle load sum;This parameter indicates the sum of the static vertical loads of the vehicle axles.;0 - 128 510 ;Kilogramme
;;;float;Sensor;Chassis;Trailer.Chassis.Brake.AirSupply.Pressure;Pneumatic supply pressure;This parameter indicates the actual pneumatic supply pressure of the reservoir of the braking system.;0 - 1 250;KiloPascal
;;;float;Sensor;Chassis;Trailer.Chassis.Axle.PosX.Wheel.PosY.Brake.Lining;Brake lining;This parameter indicates the actual relative value of the brake lining of a specific brake. High values indicate new linings, small values indicate worn linings.;0 - 100;Percentage
;;;uint16;Sensor;Chassis;Trailer.Chassis.Axle.PosX.Wheel.PosY.Brake.Temperature;Brake temperature;This parameter indicates the actual temperature of a specific brake.;0 - 2 500 ;Celsius
;;;uint16;Sensor;Chassis;Trailer.Chassis.Axle.PosX.Wheel.PosY.Tyre.Pressure;Tyre pressure;This parameter indicates the actual tyre pressure of a specific wheel without any corrections.;0 -  2 500;KiloPascal
;;;enum;Sensor;Chassis;Trailer.Chassis.Axle.PosX.Wheel.PosY.Tyre.PowerStatus;Tyre module power supply status;This parameter indicates the current status of the power supply of the tyre module. It indicates whether it is sufficient to achieve the specified performance of the module.;"INSUFFICIENT
SUFFICIENT
ERROR
NOT_AVAILABLE"; 
;;;enum;Sensor;Chassis;Trailer.Chassis.Brake.AutomaticBrakeStatus;Automatic towed vehicle braking status;This parameter indicates the current status of the automatic towed vehicle braking. This function is active when the pneumatic supply is insufficient or not connected. This parameter should be used for driver information.;"INACTIVE
ACTIVE
ERROR
NOT_AVAILABLE"; 
;;;enum;Sensor;Chassis;Trailer.Chassis.Brake.ABS.Status;Trailer ABS status;This parameter indicates the current status of the anti-lock braking function or system. The parameter is set active when the ABS starts to modulate the wheel brake pressure and is reset to passive when all wheels are in stable condition for a certain time period. The parameter can also be set active when driven wheels are in high slip (e.g. caused by the retarder).;"PASSIVE
ACTIVE
ERROR
NOT_AVAILABLE"; 
;;;enum;Sensor;Chassis;Trailer.Chassis.Axle.PosX.Wheel.PosY.Tyre.PressureStatus;Tire pressure status;This parameter indicates the current status of the tyre pressure. An insufficient tyre pressure is indicated, if the pressure is outside of a pressure range recommended by the tyre or vehicle manufacturer, to ensure an optimized operation with regard to the fuel consumption of the vehicle and life time of the tyre.;"INSUFFICIENT
SUFFICIENT
ERROR
NOT_AVAILABLE"; 
;;;enum;Sensor;Chassis;Trailer.Chassis.Axle.PosX.Wheel.PosY.Brake.LiningStatus;Brake lining status;This parameter indicates the current status of the brake linings. An insufficient brake lining status is indicated if the linings are worn out.;"INSUFFICIENT
SUFFICIENT
ERROR
NOT_AVAILABLE"; 
;;;enum;Sensor;Chassis;Trailer.Chassis.Axle.PosX.Wheel.PosY.Brake.TemperatureStatus;Brake temperature status;This parameter indicates the current status of the temperature of the brakes. A brake temperature out of range value is indicated if the brake temperature is higher than a specific level for proper operation.;"OUT_OF_RANGE
NORMAL_RANGE
ERROR
NOT_AVAILABLE"; 
;;;enum;Attribute;Chassis;Trailer.Chassis.Brake.LoadingRampAssistance.Status;Loading ramp approach assistance status;This parameter indicates whether the loading ramp approach assistance is activated. The loading ramp approach assistance measures the distance to the loading ramp while reversing and applies the vehicle brakes accordingly.;"NOT_ACTIVE
ACTIVE
ERROR
NOT_AVAILABLE"; 
;;;float;Sensor;Chassis;Trailer.Chassis.Axle.PosX.SpeedDiff;Wheel speed difference ;This parameter indicates the difference between the wheel speed on the right side and on the left side of the main axle, (wheel speed right - wheel speed left);−125 /  125 ;KilometerPerHour
;;;float;Sensor;Chassis;Trailer.Chassis.Brake.Pressure;Parking And Trailer Air Pressure;The pneumatic pressure in the circuit or reservoir for the parking brake and/or the trailer supply.;0 - 2,000 ;KiloPascal
;;;float;Attribute;Chassis;Trailer.Chassis.Axle.PosX.TrackWidth;Track Width;distance between the centre of the wheels at the same axle;0 - 2,50;Meter
;;;int8;Attribute;Chassis;Trailer.Chassis.Axle.FrontAxleCount;Front Axle count;total number of axles attached to the drawbar;0 to 250; 
;;;int8;Attribute;Chassis;Trailer.Chassis.LiftableCount;Lift Axle Count;total number of liftable axles;0 to 250; 
;;;int[5];Attribute;Chassis;Trailer.Chassis.Axle.Liftable.AxleConfig;Lift Axle Position;axle position number of lift axle 1 to 5, with axle counting from the front to the rear and starting with 1. Realized as an array of five elements with axle positions (1-15).The array shouild be sorted with its first element being the first position from the front, second being second from the front, etc. If not sorted then each axle shall have a data entry indicating its position.;0 to 250; 
;;;float;Attribute;Chassis;Trailer.Chassis.Axle.PosX.NextDistance;wheel base distance to next axle;distance of the wheel base of axle position x to the next axle position  x+1 ;0 - 25,0 ;Meter
;;;float;Attribute;Specification;Trailer.Specification.TotalLength;vehicle length;total length of vehicle;0 - 25,0 ;Meter
;;;enum;Sensor;Chassis;Trailer.Chassis.Brake.ROP.Status;Towed vehicle ROP system request;This parameter requests to enable or disable the towed vehicle ROP system.;"DISABLE
ENABLE
NOT_AVAILABLE"; 
;;;enum;Sensor;Chassis;Trailer.Chassis.Brake.YawControl.Status;Towed vehicle YC system request;This parameter requests to enable or disable the towed vehicle YC system.;"DISABLE
ENABLE
NOT_AVAILABLE"; 
;;;enum;Attribute;Chassis;Trailer.Chassis.Brake.DetectionStatus;Towed vehicle detection status;"This parameter is provided by any towed vehicle and indicates:
— if that vehicle is able to detect an additional towed vehicle (towed vehicle detection support);
— if an additional towed vehicle is detected (parameter “vehicle status”); and
— which type of brake system is detected in that vehicle (parameter “brake system type”).";"NO_BRAKE_SYSTEM
ABS_DETECTED
EBS_DETECTED
ERROR
NOT_AVAILABLE"; 
;;This signal is associated to Chassis.Axle.Liftable.AxleConfig. If the position of the axle i not in the AxleConfig then this signal must be set to NOT_AVAILABLE;enum;Sensor;Chassis;Trailer.Chassis.Axle.Pos1.Liftable.Position;Lift axle 1 position;This parameter indicates the position of the lift axle 1 or the load condition of the first tag axle. The numbering of the lift axles starts from the front axle position.;"DOWN
UP
ERROR
NOT_AVAILABLE"; 
;;;enum;Sensor;Chassis;Trailer.Chassis.Axle.Pos2.Liftable.Position;Lift axle 2 position;This parameter indicates the position of the lift axle 2 or the load condition of the second tag axle. The numbering of the lift axles starts from the front axle position.;"DOWN
UP
ERROR
NOT_AVAILABLE"; 
;;;enum;Sensor;Chassis;Trailer.Chassis.Axle.Pos3.Liftable.Position;Lift axle 3 position;This parameter indicates the position of the lift axle 3 or the load condition of the third tag axle. The numbering of the lift axles starts from the front axle position.;"DOWN
UP
ERROR
NOT_AVAILABLE"; 
;;;enum;Sensor;Chassis;Trailer.Chassis.Axle.Pos4.Liftable.Position;Lift axle 4 position;This parameter indicates the position of the lift axle 4 or the load condition of the fourth tag axle. The numbering of lift axles starts from the front axle position.;"DOWN
UP
ERROR
NOT_AVAILABLE"; 
;;;enum;Sensor;Chassis;Trailer.Chassis.Axle.Pos5.Liftable.Position;Lift axle 5 position;This parameter indicates the position of the lift axle 5 or the load condition of the fifth tag axle. The numbering of the lift axles starts from the front axle position.;"DOWN
UP
ERROR
NOT_AVAILABLE"; 
;;"

This signal requires the axle config Chassis.Axle.Steerable.AxleConfig, a sorted array of axle positions.";enum;Sensor;Chassis;Trailer.Chassis.Axle.PosX.Steerable.LockStatus;Steering axle locking status;This parameter indicates the current steering axle locking status.;"UNLOCKED
LOCKED
ERROR
NOT_AVAILABLE"; 
;;;enum;Sensor;Chassis;Trailer.Chassis.Axle.PosX.Wheel.PosY.Tyre.PressureThreshold;Tire pressure threshold detection;This parameter indicates the pressure level of one specific tyre. This parameter is used in conjunction with the tyre/wheel identification.;"EXTREME_OVER_PRESSURE
OVER_PRESSURE
NO_WARNING
UNDER_PRESSURE
EXTREME_UNDER_PRESSURE
ERROR
NOT_AVAILABLE"; 
;;;float;Sensor;Chassis;Trailer.Chassis.Axle.PosX.Wheel.PosY.Tyre.Leakage;Air leakage detection;This parameter indicates the current air leakage (pressure loss) of a tyre. This parameter is used in conjunction with the tyre/wheel identification.;0 - 6 425,5 ;PascalPerSecond
;;;float;Sensor;Chassis;Trailer.Chassis.Axle.PosX.Wheel.PosY.Tyre.Temperature;Tire temperature;This parameter indicates the current temperature of a tyre. This parameter is used in conjunction with the tyre/wheel identification.;−273 / 1 735;Celsius
;;;float;Sensor;Chassis;Trailer.Chassis.Axle.PosX.AxleLoad;Axle load;This parameter indicates the static vertical load of a vehicle axle identified by a tyre/wheel identification;0 -  32 127,5 ;Kilogramme
;;;float;Sensor;Chassis;Trailer.Chassis.FifthWheel.Load;Fifth wheel load;This parameter indicates the fifth wheel load of a vehicle.;0 - 128 510;Kilogramme
;;;float;Sensor;Exterior;Trailer.Exterior.AmbiantTemprature ;Ambient air temperature;This parameter indicates the ambient air temperature.;-273 to 1734.96875 °C;Celsius
;;;float;Sensor;Chassis;Trailer.Chassis.Axle.PosX.UncalibratedLoad;axle load measured by towed vehicle;This parameter indicates the static vertical load, measured by the towed vehicle at the time of the axle load calibration, of one or several vehicle axles identified by the tyre/wheel identification and axle load calibration data storage request.;0 - 64 255 ;Kilogramme
;;;float;Sensor;Chassis;Trailer.Chassis.Axle.PosX.ScaleLoad;axle load measured by external scale;This parameter indicates the static vertical load, measured by an external scale at the time of the axle load calibration, of one or several vehicle axles identified by the tyre/wheel identification and axle load calibration data storage request.;0 - 64 255;Kilogramme
;;;enum;Sensor;Chassis;Trailer.Chassis.Axle.PosX.LoadLevel;axle load calibration data load level;This parameter indicates the load case the calibration data belongs to. Each axle can be calibrated at one out of the three levels: heavy, medium and light load.;"LOW_LOAD
HEAVY_LOAD
MEDIUM_LOAD
ERROR
NOT_AVAILABLE"; 
;;;float;Sensor;Chassis;Trailer.Chassis.CouplingPoint.Front.Distance;distance between the coupling point and the middle of the first axle;distance between the coupling point and the middle of the first axle;0 - 25,0 ;Meter
;;;float;Sensor;Chassis;Trailer.Chassis.CouplingPoint.Front.Height;nominal coupling height over ground for the first coupling point h1;nominal coupling height over ground for the first coupling point h1;0 - 5,00 ;Meter
;;;float;Sensor;Chassis;Trailer.Chassis.CouplingPoint.Rear.Height;"nominal coupling height over ground for the second coupling point h2 for an unloaded vehicle;";"nominal coupling height over ground for the second coupling point h2 for an unloaded vehicle; this data is dynamic and indicates the current coupling point height";0 - 5,00 ;Meter
;;;float;Attribute;Specification;Trailer.Specification.FrontHeight;height from the bottom most point of the chassis to the top most point of the vehicle at the front of the vehicle;height from the bottom most point of the chassis to the top most point of the vehicle at the front of the vehicle;0 - 5,00 ;Meter
;;;enum;Sensor;Chassis;Trailer.Chassis.Brake.AmberWarning;Amber warning signal;This signal shall command the request from a towed vehicle to the commercial vehicle to activate the amber warning signal, which indicates certain specified events within the braking equipment of the towed vehicle. A flashing warning signal can be used to signal fault conditions that are related to nonbraking systems, e.g. auxiliary equipment. It shall not be used to signal braking system-relevant faults or status.;"OFF
ON
NOT_AVAILABLE"; 
;;;enum;Sensor;Powertrain;Trailer.Powertrain.DriveSystem.Warning.Red.Status;Red warning signal;This parameter requests the towing vehicle to activate the red warning signal, which indicates certain specified failures within the braking equipment of the towed vehicle.;"OFF
ON
NOT_AVAILABLE"; 
;;;enum;Sensor;ElectricalSupply;Trailer.ElectricalSupply.Status;Electrical supply of non-braking systems status;This parameter indicates the current status of the supply voltage of non-braking systems.;"OFF
ON
ERROR
NOT_AVAILABLE"; 
;;;enum;Sensor;Chassis;Trailer.Chassis.Brake.ElectricalSupply.Status;Vehicle electrical supply status;This parameter indicates, if the current status of the supply voltage is sufficient or insufficient for a proper braking function. This also includes overvoltage conditions.;"INSUFFICIENT
SUFFICIENT
ERROR
NOT_AVAILABLE"; 
;;;float;Sensor;Acceleration;Trailer.Acceleration.Lateral;Lateral acceleration;This parameter indicates the actual lateral acceleration of the vehicle. A positive lateral acceleration value is used when the vehicle is accelerated to the left.;−12,5  /  12,5 ;MeterPerSquareMeter
;;;enum;Sensor;;Trailer.Chassis.Axle.LevelChangeFront.Front.Status;Level change status, front axle;This parameter indicates the current status of the level change of the body height at the front axle due to any external control request.;"NOT_ACTIVE
ACTIVE
ERROR
NOT_AVAILABLE"; 
;;;enum;Sensor;;Trailer.Chassis.Axle.LevelChange.Rear.Status;Level change status, rear axle;This parameter indicates the current status of the level change of the body height at the rear axle due to any external control request.;"NOT_ACTIVE
ACTIVE
ERROR
NOT_AVAILABLE"; 
;;;enum;Sensor;;Trailer.Chassis.Axle.LevelChange.Status;Level control status;This parameter indicates the current status of the level control function;"DISABLED
ENABLED
ERROR
NOT_AVAILABLE"; 
;;;uint16;Sensor;Body;Trailer.Body.FrontHeight;Nominal vehicle body level, front axle;This parameter indicates the current nominal vehicle body height. In cases when controlled by “level change request, front axle” (see 6.4.8), this value represents the current vehicle body height at the front axle referred to ground level.;0 -  64 255 ;Milimeter
;;;uint16;Sensor;;Trailer.Body.RearHeight;Nominal vehicle body level, rear axle;This parameter indicates the current nominal vehicle body height. In cases when controlled by “level change request, rear axle”;0 -  64 255 ;Milimeter
;;;enum;Sensor;;Trailer.Body.NormalLevel.Status;Normal level;This parameter indicates the current state of the body height normal positions independent of a specific level request.;"NORMAL_LEVEL_1
NORMAL_LEVEL_2
ERROR
NOT_AVAILABLE"; 
;;;enum;Sensor;;Trailer.Chassis.Brake.AirSupply.Status;Vehicle pneumatic supply status;This parameter indicates if the current status of the pneumatic supply pressure of the reservoir of the braking system is insufficient or sufficient for a proper braking function.;"INSUFFICIENT
SUFFICIENT
ERROR
NOT_AVAILABLE"; 
;;;enum;Sensor;;Trailer.Chassis.Brake.ROP.Status;ROP system status;This parameter indicates whether the ROP system is currently enabled or disabled.;"DISABLED
ENABLED
ERROR
NOT_AVAILABLE"; 
;;;float;Attribute;Specification;Trailer.Specification.TotalRearHeight;"total height over ground of the vehicle at the rear of the vehicle, this refers to the rear end of the cargo put directly on the vehicle; this data is dynamic and indicates the current rear total height";"total height over ground of the vehicle at the rear of the vehicle, this refers to the rear end of the cargo put directly on the vehicle; this data is dynamic and indicates the current rear total height";0 -5,00 ;Meter
;;;float;Attribute;Specification;Trailer.Specification.TotalFrontHeight;total height over ground at the front of the vehicle;total height over ground at the front of the vehicle;0 - 5,00 ;Meter
;;;enum;Sensor;;Trailer.Chassis.Brake.YawControl.Status;YC system status;This parameter indicates whether the YC system is currently enabled or disabled.;"DISABLED
ENABLED
ERROR
NOT_AVAILABLE"; 
;;;enum;Sensor;;Trailer.MotionManagement.Suspension.TractionHelp.Status;Traction help (load transfer) status;This parameter indicates the current status of the traction help function.;"INACTIVE
ACTIVE
ERROR
NOT_AVAILABLE"; 
;;;float;Attribute;Specification;Trailer.Specification.GroundHeight;height over ground for the floor inside the vehicle at the front end of the floor;height over ground for the floor inside the vehicle at the front end of the floor;0 - 5,00 ;Meter
;;;float;Sensor;Cargo;Trailer.Cargo.Hold1.Temperature;Cargo hold temperature 1;"This parameter indicates the value of the cargo hold temperature 1 measured by the
temperature recorder.";-40 °C to +40 °C;Celsius
;;;float;Sensor;Cargo;Trailer.Cargo.Hold2.Temperature;Cargo hold temperature 2;"This parameter indicates the value of the cargo hold temperature 2 measured by the
temperature recorder.";-40 °C to +40 °C;Celsius
;;;float;Sensor;Cargo;Trailer.Cargo.Hold3.Temperature;Cargo hold temperature 3;"This parameter indicates the value of the cargo hold temperature 3 measured by the
temperature recorder.";-40 °C to +40 °C;Celsius
;;;float;Sensor;Cargo;Trailer.Cargo.Hold4.Temperature;Cargo hold temperature 4;"This parameter indicates the value of the cargo hold temperature 4 measured by the
temperature recorder.";-40 °C to +40 °C;Celsius
;;;float;Sensor;Cargo;Trailer.Cargo.Hold5.Temperature;Cargo hold temperature 5;"This parameter indicates the value of the cargo hold temperature 5 measured by the
temperature recorder.";-40 °C to +40 °C;Celsius
;;;float;Sensor;Cargo;Trailer.Cargo.Hold6.Temperature;Cargo hold temperature 6;"This parameter indicates the value of the cargo hold temperature 6 measured by the
temperature recorder.";-40 °C to +40 °C;Celsius
;;;float;Sensor;Reefer;Trailer.Reefer.Voltage;Reefer unit battery voltage;This parameter indicates the value of the reefer unit battery voltage.;0 - 642,55 ;Volt
;;;float;Sensor;Reefer;Trailer.Reefer.Fuel.Level;Reefer unit fuel tank level;This parameter indicates the value of the reefer unit fuel tank level.;0 - 125 ;Percentage
;;;enum;Sensor;Reefer;Trailer.Reefer.Alarm.Status;Reefer unit alarm status;This parameter indicates the reefer unit alarm status.;"WARNING_OFF
WARNING_ON
SHUTDOWN_ALARM_ON"; 
;;;enum;Sensor;Reefer;Trailer.Reefer.Evaporator1.Status;Status evaporator 1;This parameter indicates the status evaporator 1.;"STANDBY
COOLING
HEATING
DEFROST"; 
;;;enum;Sensor;Reefer;Trailer.Reefer.Evaporator2.Status;Status evaporator 2;This parameter indicates the status evaporator 2;"STANDBY
COOLING
HEATING
DEFROST"; 
;;;enum;Sensor;Reefer;Trailer.Reefer.Evaporator3.Status;Status evaporator 3;This parameter indicates the status evaporator 3;"STANDBY
COOLING
HEATING
DEFROST"; 
;;;enum;Sensor;Reefer;Trailer.Reefer.Status;Reefer unit status;This parameter indicates the reefer unit status.;"OFF
ON"; 
;;;float;Sensor;Reefer;Trailer.Reefer.Service.OperatingHours.StartStop;Reefer unit start/stop operating hours;This parameter indicates the total number of hours the reefer unit start/stop operating hours mode is in.;0 to 16 449 535 ;Hour
;;;float;Sensor;Reefer;Trailer.Reefer.Service.OperatingHours.Engine;Reefer unit diesel engine propulsion system operating hours;This parameter indicates the total number of hours of the reefer unit diesel engine propulsion system operating mode.;0 to 16 449 535 ;Hour
;;;float;Sensor;Reefer;Trailer.Reefer.OperatingHours.LineSupply;Reefer unit line supply operating hours;This parameter indicates the total number of hours of the reefer unit line supply operating mode.;0 to 16 449 535 ;Hour
;;;float;Sensor;Reefer;Trailer.Reefer.OperatingHours.Generator;Reefer unit generator operating hours;This parameter indicates the total number of hours of the reefer unit generator operating mode.;0 to 16 449 535 ;Hour
;;;enum;Sensor;Reefer;Trailer.Reefer.Defrost.Status;Reefer unit defrost cycle on/off;This parameter indicates the on/off status of the reefer unit defrost cycle.;"OFF
ON"; 
;;;enum;Sensor;Cargo;Trailer.Cargo.HoldDoor1.Switch;Cargo hold door 1 contact switch;This parameter indicates the closed/open status of the cargo hold door 1 contact switch.;"CLOSED
OPEN"; 
;;;enum;Sensor;Cargo;Trailer.Cargo.HoldDoor2.Switch;Cargo hold door 2 contact switch;This parameter indicates the closed/open status of the cargo hold door 2 contact switch.;"CLOSED
OPEN"; 
;;;enum;Sensor;Cargo;Trailer.Cargo.HoldDoor3.Switch;Cargo hold door 3 contact switch;This parameter indicates the closed/open status of the cargo hold door 3 contact switch.;"CLOSED
OPEN"; 
;;;float;Sensor;Cargo;Trailer.Cargo.Compartment1.Humidity;Compartment 1 humidity;This parameter indicates the value of the compartment 1 humidity.;0 - 125 ;Percentage
;;;float;Sensor;Cargo;Trailer.Cargo.Compartment2.Humidity;Compartment 2 humidity;This parameter indicates the value of the compartment 2 humidity.;0 - 125 ;Percentage
;;;float;Sensor;Cargo;Trailer.Cargo.Compartment3.Humidity;Compartment 3 humidity;This parameter indicates the value of the compartment 3 humidity.;0 - 125 ;Percentage
;;;float;Sensor;Cargo;Trailer.Cargo.Compartment1.Oxygen;Compartment 1 oxygen concentration;This parameter indicates the value of the compartment 1 oxygen concentration.;0 - 125 ;Percentage
;;;float;Sensor;Cargo;Trailer.Cargo.Compartment2.Oxygen;Compartment 2 oxygen concentration;This parameter indicates the value of the compartment 2 oxygen concentration.;0 - 125 ;Percentage
;;;float;Sensor;Cargo;Trailer.Cargo.Compartment3.Oxygen;Compartment 3 oxygen concentration;This parameter indicates the value of the compartment 3 oxygen concentration.;0 - 125 ;Percentage
;;;enum;Sensor;Cargo;Trailer.Cargo.HRU.Configuration;Heating and refrigerating unit  classes;"HRUs control the temperature of the truck’s, semitrailer’s, or trailer’s cargo space. In case of vehicles
transporting containers with embedded HRUs, the HRUs are connected temporarily.";"GENERIC
CARGO_SPACE_SINGLE_TEMPERATURE
CARGO_SPACE_MULTI_TEMPERATURE
CONTAINER_SPACE_SINGLE_TEMPERATURE
CONTAINER_SPACE_MULTI_TEMPERATURE"; 
;;;uint8;Sensor;HRU;Trailer.HRU.Count;HRU compartment number;This parameter provides the sources of the measured parameters by means of the HRU compartment number;0 to 15;
;;;float;Sensor;Cargo;Trailer.HRU.Compartment1.SetPointTemperature;HRU temperature setpoint command;This parameter provides the temperature setpoint for HRU compartments (X = [1..15];-273 to 1734.96875 °C;Celsius
;;;float;Sensor;Cargo;Trailer.HRU.Compartment2.SetPointTemperature;HRU temperature setpoint command;This parameter provides the temperature setpoint for HRU compartments (X = [1..15];-273 to 1734.96875 °C;Celsius
;;;float;Sensor;Cargo;Trailer.HRU.Compartment3.SetPointTemperature;HRU temperature setpoint command;This parameter provides the temperature setpoint for HRU compartments (X = [1..15];-273 to 1734.96875 °C;Celsius
;;;float;Sensor;Cargo;Trailer.HRU.Compartment4.SetPointTemperature;HRU temperature setpoint command;This parameter provides the temperature setpoint for HRU compartments (X = [1..15];-273 to 1734.96875 °C;Celsius
;;;float;Sensor;Cargo;Trailer.HRU.Compartment5.SetPointTemperature;HRU temperature setpoint command;This parameter provides the temperature setpoint for HRU compartments (X = [1..15];-273 to 1734.96875 °C;Celsius
;;;float;Sensor;Cargo;Trailer.HRU.Compartment6.SetPointTemperature;HRU temperature setpoint command;This parameter provides the temperature setpoint for HRU compartments (X = [1..15];-273 to 1734.96875 °C;Celsius
;;;float;Sensor;Cargo;Trailer.HRU.Compartment7.SetPointTemperature;HRU temperature setpoint command;This parameter provides the temperature setpoint for HRU compartments (X = [1..15];-273 to 1734.96875 °C;Celsius
;;;float;Sensor;Cargo;Trailer.HRU.Compartment8.SetPointTemperature;HRU temperature setpoint command;This parameter provides the temperature setpoint for HRU compartments (X = [1..15];-273 to 1734.96875 °C;Celsius
;;;float;Sensor;Cargo;Trailer.HRU.Compartment9.SetPointTemperature;HRU temperature setpoint command;This parameter provides the temperature setpoint for HRU compartments (X = [1..15];-273 to 1734.96875 °C;Celsius
;;;float;Sensor;Cargo;Trailer.HRU.Compartment10.SetPointTemperature;HRU temperature setpoint command;This parameter provides the temperature setpoint for HRU compartments (X = [1..15];-273 to 1734.96875 °C;Celsius
;;;float;Sensor;Cargo;Trailer.HRU.Compartment11.SetPointTemperature;HRU temperature setpoint command;This parameter provides the temperature setpoint for HRU compartments (X = [1..15];-273 to 1734.96875 °C;Celsius
;;;float;Sensor;Cargo;Trailer.HRU.Compartment12.SetPointTemperature;HRU temperature setpoint command;This parameter provides the temperature setpoint for HRU compartments (X = [1..15];-273 to 1734.96875 °C;Celsius
;;;float;Sensor;Cargo;Trailer.HRU.Compartment13.SetPointTemperature;HRU temperature setpoint command;This parameter provides the temperature setpoint for HRU compartments (X = [1..15];-273 to 1734.96875 °C;Celsius
;;;float;Sensor;Cargo;Trailer.HRU.Compartment14.SetPointTemperature;HRU temperature setpoint command;This parameter provides the temperature setpoint for HRU compartments (X = [1..15];-273 to 1734.96875 °C;Celsius
;;;float;Sensor;Cargo;Trailer.HRU.Compartment15.SetPointTemperature;HRU temperature setpoint command;This parameter provides the temperature setpoint for HRU compartments (X = [1..15];-273 to 1734.96875 °C;Celsius
;;;float;Sensor;Cargo;Trailer.Cargo.HRU.ReturnAir.Temperature;HRU return air temperature;This parameter provides the return air temperature measured at evaporator input.;-273 to 1734.96875 °C;Celsius
;;;float;Sensor;Cargo;Trailer.Cargo.HRU.Supply.Temperature;HRU supply air temperature;This parameter provides the supply air temperature measured at evaporator output;-273 to 1734.96875 °C;Celsius
;;;float;Sensor;Cargo;Trailer.Cargo.HRU.Evaporator.Temperature;HRU evaporator temperature;This parameter provides the temperature of the evaporator.;-273 to 1734.96875 °C;Celsius
;;;float;Sensor;Cargo;Trailer.Cargo.HRU.Ambient.Temperature;HRU ambient temperature;This parameter provides the ambient temperature measured by the HRU.;-273 to 1734.96875 °C;Celsius
;;;enum;Sensor;Cargo;Trailer.Cargo.HRU.Status;HRU status;This parameter provides the status of the HRU. It includes the operating status.;"OFF
COOLING
HEATING
DEFROSTING
WAITING
ERROR
NOT_AVAILABLE"; 
;;;float;Sensor;Cargo;Trailer.Cargo.HRU.Voltage;HRU battery voltage;This parameter provides the voltage of the HRU battery;0.1 -  6553.5;Volt
;;;uint32;Sensor;Cargo;Trailer.Cargo.HRU.OperatingHours.Engine;HRU diesel operating hours;This parameter provides the HRU operating hours powered by the diesel engine.;0 to 4294967295;Hour
;;;uint32;Sensor;Cargo;Trailer.Cargo.HRU.OperatingHours.Electricity;HRU electrical operating hours;This parameter provides the HRU operating hours powered electrically;0 to 4294967295;Hour
;;;uint32;Sensor;Cargo;Trailer.Cargo.HRU.OperatingHours.Total;HRU total operating hours;This parameter provides the HRU total operating hours;0 to 4294967295;Hour
;;;uint8;Sensor;Cargo;Trailer.Cargo.HRU.Compartments;HRU Number of available compartments;This parameter provides the functionality and the operating mode status of the HRU.;0 to 8; 
;;;enum;Sensor;Cargo;Trailer.Cargo.HRU.PowerSource;HRU Power supply (ps);This parameter provides the functionality and the operating mode status of the HRU.;"DIESEL_ENGINE_POWERED
POWER_GRID_POWERED
BATTERY_POWERED
ERROR
NOT_AVAILABLE"; 
;;;enum;Sensor;Cargo;Trailer.Cargo.HRU.EconomyMode;HRU Economy mode (em);This parameter provides the functionality and the operating mode status of the HRU.;"OFF
ON
ERROR
NOT_AVAILABLE"; 
;;;enum;Sensor;Cargo;Trailer.Cargo.HRU.OperatingMode;HRU Start/stop mode;This parameter provides the functionality and the operating mode status of the HRU.;"OFF
ON
ERROR
NOT_AVAILABLE"; 
